{"stats":{"minecraft:mined":{"minecraft:dandelion":2,"minecraft:torch":2,"minecraft:granite":11,"minecraft:poppy":4,"minecraft:grass_block":206,"minecraft:glass":2,"minecraft:cobblestone":19,"minecraft:spruce_leaves":12,"minecraft:oak_planks":1,"minecraft:wall_torch":2,"minecraft:furnace":1,"minecraft:iron_ore":4,"minecraft:wheat":11,"minecraft:spruce_log":53,"minecraft:andesite":7,"minecraft:grass":52,"minecraft:potatoes":2,"minecraft:coal_ore":77,"minecraft:oak_log":101,"minecraft:sand":26,"minecraft:dirt":7,"minecraft:stripped_oak_log":1,"minecraft:stone":128,"minecraft:oak_leaves":27},"minecraft:killed_by":{"minecraft:skeleton":2,"minecraft:creeper":2,"minecraft:spider":1,"minecraft:zombie":1,"minecraft:enderman":1},"minecraft:picked_up":{"minecraft:stripped_oak_log":1,"minecraft:leather_chestplate":4,"minecraft:wheat":11,"minecraft:cooked_beef":2,"minecraft:ladder":3,"minecraft:andesite":9,"minecraft:salmon":22,"minecraft:brown_wool":1,"minecraft:leather":3,"minecraft:brown_mushroom":2,"minecraft:potato":4,"minecraft:oak_log":103,"minecraft:gunpowder":4,"minecraft:string":13,"minecraft:dirt":407,"minecraft:glass":25,"minecraft:bone":16,"minecraft:apple":4,"minecraft:wheat_seeds":142,"minecraft:beef":6,"minecraft:iron_ore":7,"minecraft:poppy":30,"minecraft:iron_pickaxe":7,"minecraft:light_gray_wool":1,"minecraft:sugar_cane":3,"minecraft:stone_hoe":5,"minecraft:iron_sword":8,"minecraft:oak_planks":5,"minecraft:egg":1,"minecraft:stick":4,"minecraft:cooked_porkchop":1,"minecraft:oak_door":6,"minecraft:torch":596,"minecraft:dandelion":8,"minecraft:gravel":6,"minecraft:porkchop":2,"minecraft:sand":24,"minecraft:spruce_sapling":7,"minecraft:diorite":12,"minecraft:grass_block":1,"minecraft:spruce_log":92,"minecraft:spider_eye":9,"minecraft:stone_shovel":4,"minecraft:stone_sword":1,"minecraft:arrow":11,"minecraft:rotten_flesh":24,"minecraft:stone_axe":11,"minecraft:granite":11,"minecraft:oak_sapling":10,"minecraft:mutton":9,"minecraft:coal":134,"minecraft:white_wool":4,"minecraft:cobblestone":193},"minecraft:custom":{"minecraft:interact_with_furnace":25,"minecraft:mob_kills":53,"minecraft:interact_with_crafting_table":17,"minecraft:play_one_minute":131075,"minecraft:leave_game":12,"minecraft:time_since_death":13516,"minecraft:sleep_in_bed":3,"minecraft:climb_one_cm":2959,"minecraft:time_since_rest":13631,"minecraft:sprint_one_cm":149696,"minecraft:damage_taken":2948,"minecraft:walk_one_cm":599625,"minecraft:drop":7,"minecraft:damage_dealt":7097,"minecraft:swim_one_cm":37851,"minecraft:fly_one_cm":72688,"minecraft:open_chest":39,"minecraft:crouch_one_cm":1950,"minecraft:sneak_time":2130,"minecraft:deaths":7,"minecraft:walk_under_water_one_cm":16428,"minecraft:jump":925,"minecraft:walk_on_water_one_cm":31584,"minecraft:fall_one_cm":15345,"minecraft:horse_one_cm":36800},"minecraft:used":{"minecraft:wheat_seeds":16,"minecraft:stone_shovel":253,"minecraft:poppy":1,"minecraft:oak_planks":185,"minecraft:iron_sword":126,"minecraft:stone_hoe":16,"minecraft:rotten_flesh":12,"minecraft:oak_door":1,"minecraft:torch":9,"minecraft:crafting_table":1,"minecraft:white_bed":1,"minecraft:spruce_log":3,"minecraft:glass":8,"minecraft:oak_log":20,"minecraft:apple":4,"minecraft:iron_pickaxe":258,"minecraft:stone_axe":174,"minecraft:cobblestone":209,"minecraft:oak_sapling":1,"minecraft:furnace":1,"minecraft:cooked_porkchop":1,"minecraft:egg":1,"minecraft:stripped_oak_log":1,"minecraft:cooked_beef":5,"minecraft:dandelion":1,"minecraft:light_gray_bed":1},"minecraft:crafted":{"minecraft:cooked_beef":9,"minecraft:oak_door":3,"minecraft:oak_planks":256,"minecraft:stone_shovel":2,"minecraft:crafting_table":1,"minecraft:spruce_planks":4,"minecraft:iron_sword":1,"minecraft:furnace":1,"minecraft:stone_axe":3,"minecraft:air":0,"minecraft:light_gray_bed":1,"minecraft:glass":24,"minecraft:stick":76,"minecraft:iron_ingot":10,"minecraft:iron_pickaxe":2,"minecraft:white_bed":1,"minecraft:torch":128,"minecraft:stone_hoe":1},"minecraft:killed":{"minecraft:pig":2,"minecraft:salmon":11,"minecraft:bat":1,"minecraft:spider":6,"minecraft:creeper":3,"minecraft:sheep":6,"minecraft:skeleton":7,"minecraft:zombie":12,"minecraft:drowned":1,"minecraft:enderman":1,"minecraft:cow":3},"minecraft:dropped":{"minecraft:stone_sword":1,"minecraft:oak_planks":32,"minecraft:stick":29,"minecraft:poppy":2,"minecraft:spruce_log":22,"minecraft:glass":21},"minecraft:broken":{"minecraft:iron_sword":1,"minecraft:iron_pickaxe":1,"minecraft:stone_shovel":1,"minecraft:leather_chestplate":1}},"DataVersion":1631}