{"stats":{"minecraft:dropped":{"minecraft:iron_sword":4,"minecraft:birch_planks":61,"minecraft:porkchop":13,"minecraft:baked_potato":48,"minecraft:crafting_table":1,"minecraft:emerald":2,"minecraft:wooden_sword":1,"minecraft:iron_pickaxe":1,"minecraft:oak_door":1,"minecraft:gravel":1,"minecraft:rotten_flesh":33,"minecraft:oak_planks":93,"minecraft:cooked_mutton":16,"minecraft:gunpowder":2,"minecraft:polished_granite":52,"minecraft:egg":31,"minecraft:iron_ingot":51,"minecraft:bread":4,"minecraft:wheat_seeds":6,"minecraft:poisonous_potato":14,"minecraft:oak_fence":36,"minecraft:iron_helmet":1,"minecraft:cobblestone":3,"minecraft:spruce_door":1,"minecraft:coal":15,"minecraft:stick":40,"minecraft:torch":181,"minecraft:wooden_axe":1,"minecraft:iron_leggings":1,"minecraft:iron_axe":1,"minecraft:iron_shovel":2,"minecraft:redstone":21,"minecraft:polished_diorite":64,"minecraft:furnace":1,"minecraft:iron_boots":1,"minecraft:pumpkin_seeds":84,"minecraft:shield":1,"minecraft:iron_chestplate":1,"minecraft:bow":1,"minecraft:stone_pickaxe":2,"minecraft:wooden_pickaxe":2},"minecraft:used":{"minecraft:beetroot":1,"minecraft:jack_o_lantern":24,"minecraft:iron_shovel":1332,"minecraft:ladder":18,"minecraft:chest":21,"minecraft:stone":74,"minecraft:iron_sword":678,"minecraft:mutton":1,"minecraft:carrot":251,"minecraft:obsidian":11,"minecraft:glass":24,"minecraft:lava_bucket":3,"minecraft:birch_sapling":4,"minecraft:stone_bricks":362,"minecraft:birch_button":1,"minecraft:bow":14,"minecraft:oak_sapling":6,"minecraft:furnace":6,"minecraft:beetroot_seeds":93,"minecraft:egg":62,"minecraft:potato":568,"minecraft:spruce_door":2,"minecraft:stone_pickaxe":387,"minecraft:oak_planks":21,"minecraft:wooden_pickaxe":29,"minecraft:sugar_cane":25,"minecraft:oak_leaves":3,"minecraft:sand":2,"minecraft:shears":42,"minecraft:pumpkin_seeds":7,"minecraft:stone_button":1,"minecraft:birch_slab":418,"minecraft:heavy_weighted_pressure_plate":4,"minecraft:bread":4,"minecraft:iron_door":2,"minecraft:gravel":75,"minecraft:coal_block":5,"minecraft:andesite":2,"minecraft:oak_fence":100,"minecraft:enchanting_table":1,"minecraft:stone_sword":233,"minecraft:flint_and_steel":2,"minecraft:stone_shovel":198,"minecraft:spruce_planks":81,"minecraft:wooden_shovel":59,"minecraft:cooked_salmon":5,"minecraft:cooked_chicken":1,"minecraft:stone_hoe":72,"minecraft:oak_door":2,"minecraft:torch":369,"minecraft:dirt":1074,"minecraft:spruce_stairs":53,"minecraft:granite":2,"minecraft:spruce_fence":95,"minecraft:oak_fence_gate":4,"minecraft:polished_diorite":16,"minecraft:wooden_axe":43,"minecraft:bookshelf":7,"minecraft:iron_axe":800,"minecraft:spruce_button":1,"minecraft:pumpkin":43,"minecraft:light_gray_bed":1,"minecraft:wheat_seeds":213,"minecraft:cooked_mutton":4,"minecraft:water_bucket":33,"minecraft:cobblestone_stairs":123,"minecraft:birch_planks":72,"minecraft:polished_andesite":359,"minecraft:baked_potato":176,"minecraft:crafting_table":4,"minecraft:white_bed":6,"minecraft:painting":3,"minecraft:spruce_log":1,"minecraft:oak_log":151,"minecraft:wooden_hoe":24,"minecraft:diamond_pickaxe":31,"minecraft:apple":2,"minecraft:iron_pickaxe":3446,"minecraft:stone_slab":202,"minecraft:spruce_sapling":6,"minecraft:stone_axe":168,"minecraft:blue_carpet":89,"minecraft:chiseled_stone_bricks":8,"minecraft:cobblestone":396,"minecraft:cooked_porkchop":3,"minecraft:bucket":36,"minecraft:glass_pane":16},"minecraft:killed_by":{"minecraft:drowned":2,"minecraft:zombie":8,"minecraft:skeleton":8,"minecraft:phantom":1},"minecraft:killed":{"minecraft:witch":1,"minecraft:spider":22,"minecraft:skeleton":28,"minecraft:chicken":9,"minecraft:turtle":1,"minecraft:tropical_fish":3,"minecraft:pig":4,"minecraft:zombie_villager":6,"minecraft:salmon":3,"minecraft:creeper":7,"minecraft:sheep":2,"minecraft:zombie":111,"minecraft:cow":18,"minecraft:phantom":1,"minecraft:drowned":2,"minecraft:rabbit":1,"minecraft:bat":1},"minecraft:mined":{"minecraft:blue_carpet":7,"minecraft:spruce_planks":6,"minecraft:white_bed":5,"minecraft:cobblestone_stairs":15,"minecraft:carved_pumpkin":58,"minecraft:obsidian":28,"minecraft:granite":82,"minecraft:grass_block":936,"minecraft:coal_block":5,"minecraft:polished_diorite":7,"minecraft:oxeye_daisy":7,"minecraft:chiseled_stone_bricks":7,"minecraft:iron_ore":319,"minecraft:pumpkin":131,"minecraft:azure_bluet":2,"minecraft:brown_mushroom":5,"minecraft:clay":24,"minecraft:torch":27,"minecraft:poppy":7,"minecraft:chest":4,"minecraft:cobblestone":125,"minecraft:sugar_cane":183,"minecraft:oak_planks":1,"minecraft:wall_torch":25,"minecraft:seagrass":1,"minecraft:birch_log":125,"minecraft:wheat":180,"minecraft:orange_tulip":7,"minecraft:grass":793,"minecraft:oak_log":383,"minecraft:beetroots":72,"minecraft:oak_fence_gate":2,"minecraft:sand":113,"minecraft:dirt":414,"minecraft:oak_leaves":157,"minecraft:attached_pumpkin_stem":1,"minecraft:diamond_ore":6,"minecraft:jack_o_lantern":2,"minecraft:ladder":2,"minecraft:stone_button":1,"minecraft:spruce_fence":2,"minecraft:birch_slab":16,"minecraft:spruce_leaves":83,"minecraft:redstone_ore":34,"minecraft:spruce_sapling":3,"minecraft:carrots":189,"minecraft:andesite":155,"minecraft:bookshelf":2,"minecraft:potatoes":432,"minecraft:stripped_oak_log":2,"minecraft:stone":2026,"minecraft:white_wool":1,"minecraft:glass_pane":12,"minecraft:dandelion":2,"minecraft:oak_fence":4,"minecraft:crafting_table":2,"minecraft:stone_slab":61,"minecraft:lapis_ore":8,"minecraft:diorite":197,"minecraft:spruce_stairs":35,"minecraft:birch_planks":19,"minecraft:spruce_log":171,"minecraft:birch_leaves":9,"minecraft:grass_path":40,"minecraft:coal_ore":649,"minecraft:gravel":144,"minecraft:polished_andesite":68,"minecraft:stone_bricks":17,"minecraft:gold_ore":25},"minecraft:picked_up":{"minecraft:wooden_axe":2,"minecraft:seagrass":2,"minecraft:iron_chestplate":4,"minecraft:wheat":207,"minecraft:chainmail_boots":1,"minecraft:stone_slab":150,"minecraft:string":20,"minecraft:cooked_salmon":3,"minecraft:iron_leggings":6,"minecraft:beetroot":83,"minecraft:bucket":1,"minecraft:spruce_planks":21,"minecraft:iron_pickaxe":9,"minecraft:coal_block":5,"minecraft:furnace":1,"minecraft:iron_boots":3,"minecraft:stick":109,"minecraft:oak_fence":9,"minecraft:torch":547,"minecraft:spruce_stairs":35,"minecraft:porkchop":26,"minecraft:diorite":208,"minecraft:stone_sword":5,"minecraft:rotten_flesh":165,"minecraft:tropical_fish":3,"minecraft:carved_pumpkin":58,"minecraft:obsidian":67,"minecraft:cobblestone":2636,"minecraft:birch_log":125,"minecraft:feather":7,"minecraft:lilac":8,"minecraft:birch_slab":117,"minecraft:iron_door":1,"minecraft:water_bucket":2,"minecraft:andesite":475,"minecraft:brown_wool":6,"minecraft:potato":1377,"minecraft:flint":18,"minecraft:lapis_lazuli":65,"minecraft:dirt":1650,"minecraft:polished_granite":156,"minecraft:glass":17,"minecraft:bone":43,"minecraft:bow":7,"minecraft:orange_tulip":8,"minecraft:wheat_seeds":517,"minecraft:rabbit":1,"minecraft:oak_planks":94,"minecraft:cooked_porkchop":2,"minecraft:poisonous_potato":16,"minecraft:sand":113,"minecraft:polished_andesite":68,"minecraft:diamond":6,"minecraft:granite":90,"minecraft:grass":2,"minecraft:bone_meal":15,"minecraft:emerald":2,"minecraft:bread":8,"minecraft:jack_o_lantern":21,"minecraft:oak_sapling":16,"minecraft:oak_leaves":42,"minecraft:diamond_pickaxe":1,"minecraft:crafting_table":3,"minecraft:azure_bluet":2,"minecraft:chicken":9,"minecraft:ladder":4,"minecraft:clay_ball":96,"minecraft:brown_mushroom":5,"minecraft:wooden_pickaxe":2,"minecraft:shield":4,"minecraft:iron_axe":5,"minecraft:iron_shovel":4,"minecraft:glass_pane":1,"minecraft:beef":40,"minecraft:poppy":9,"minecraft:light_gray_wool":10,"minecraft:sugar_cane":397,"minecraft:chest":4,"minecraft:birch_sapling":10,"minecraft:phantom_membrane":2,"minecraft:egg":93,"minecraft:stone":46,"minecraft:oak_door":7,"minecraft:spruce_fence":2,"minecraft:stone_button":1,"minecraft:carrot":509,"minecraft:redstone":186,"minecraft:blue_carpet":26,"minecraft:arrow":31,"minecraft:stone_shovel":1,"minecraft:beetroot_seeds":150,"minecraft:pumpkin_pie":1,"minecraft:peony":8,"minecraft:shears":4,"minecraft:mutton":6,"minecraft:white_wool":147,"minecraft:oxeye_daisy":11,"minecraft:stripped_oak_log":2,"minecraft:salmon":3,"minecraft:leather":27,"minecraft:birch_planks":21,"minecraft:oak_log":489,"minecraft:golden_boots":3,"minecraft:gunpowder":10,"minecraft:cobblestone_stairs":15,"minecraft:paper":27,"minecraft:cooked_mutton":19,"minecraft:stone_bricks":17,"minecraft:apple":1,"minecraft:rabbit_hide":1,"minecraft:iron_ingot":68,"minecraft:oak_fence_gate":2,"minecraft:stone_pickaxe":3,"minecraft:iron_ore":329,"minecraft:iron_sword":7,"minecraft:book":8,"minecraft:pumpkin":167,"minecraft:chiseled_stone_bricks":7,"minecraft:dandelion":6,"minecraft:gravel":155,"minecraft:lava_bucket":1,"minecraft:spruce_sapling":16,"minecraft:white_bed":6,"minecraft:spruce_log":171,"minecraft:gold_ore":33,"minecraft:spruce_door":2,"minecraft:spider_eye":11,"minecraft:pumpkin_seeds":322,"minecraft:polished_diorite":131,"minecraft:stone_axe":1,"minecraft:chainmail_leggings":1,"minecraft:iron_helmet":3,"minecraft:painting":3,"minecraft:gray_wool":8,"minecraft:baked_potato":202,"minecraft:black_wool":25,"minecraft:coal":819},"minecraft:broken":{"minecraft:iron_shovel":4,"minecraft:golden_boots":1,"minecraft:wooden_shovel":1,"minecraft:iron_boots":1,"minecraft:stone_pickaxe":2,"minecraft:stone_shovel":1,"minecraft:iron_axe":2,"minecraft:iron_pickaxe":13,"minecraft:iron_helmet":1},"minecraft:custom":{"minecraft:animals_bred":37,"minecraft:interact_with_crafting_table":204,"minecraft:leave_game":16,"minecraft:time_since_death":70437,"minecraft:sprint_one_cm":2631943,"minecraft:damage_blocked_by_shield":265,"minecraft:drop":69,"minecraft:talked_to_villager":23,"minecraft:deaths":19,"minecraft:jump":5623,"minecraft:walk_on_water_one_cm":69612,"minecraft:enchant_item":1,"minecraft:interact_with_furnace":237,"minecraft:play_one_minute":1584917,"minecraft:sleep_in_bed":40,"minecraft:damage_dealt":37239,"minecraft:player_kills":1,"minecraft:crouch_one_cm":19384,"minecraft:mob_kills":226,"minecraft:climb_one_cm":42119,"minecraft:walk_one_cm":5489885,"minecraft:sneak_time":8880,"minecraft:walk_under_water_one_cm":63559,"minecraft:time_since_rest":16273,"minecraft:damage_taken":13784,"minecraft:fly_one_cm":372755,"minecraft:open_chest":744,"minecraft:fall_one_cm":79057},"minecraft:crafted":{"minecraft:brick":96,"minecraft:oak_planks":616,"minecraft:cooked_chicken":3,"minecraft:birch_slab":426,"minecraft:stone":896,"minecraft:cobblestone_stairs":140,"minecraft:bookshelf":7,"minecraft:heavy_weighted_pressure_plate":4,"minecraft:cooked_mutton":6,"minecraft:glass":111,"minecraft:stone_brick_slab":126,"minecraft:bow":1,"minecraft:iron_boots":1,"minecraft:chest":18,"minecraft:iron_door":3,"minecraft:chiseled_stone_bricks":63,"minecraft:bricks":24,"minecraft:birch_button":1,"minecraft:stone_hoe":1,"minecraft:stone_bricks":408,"minecraft:oak_fence":126,"minecraft:wooden_shovel":1,"minecraft:arrow":8,"minecraft:cooked_porkchop":13,"minecraft:crafting_table":3,"minecraft:spruce_planks":424,"minecraft:iron_helmet":1,"minecraft:baked_potato":535,"minecraft:spruce_door":3,"minecraft:birch_planks":500,"minecraft:pumpkin_seeds":8,"minecraft:painting":3,"minecraft:light_gray_bed":1,"minecraft:iron_chestplate":2,"minecraft:book":18,"minecraft:wooden_hoe":1,"minecraft:paper":81,"minecraft:diamond_pickaxe":1,"minecraft:stick":624,"minecraft:stone_slab":186,"minecraft:iron_ingot":283,"minecraft:iron_pickaxe":20,"minecraft:stone_sword":4,"minecraft:gold_ingot":17,"minecraft:shears":2,"minecraft:polished_andesite":324,"minecraft:stone_shovel":3,"minecraft:fishing_rod":1,"minecraft:spruce_button":1,"minecraft:furnace":7,"minecraft:stone_button":1,"minecraft:jack_o_lantern":36,"minecraft:bone_meal":15,"minecraft:spruce_fence":96,"minecraft:flint_and_steel":1,"minecraft:glass_pane":16,"minecraft:spruce_stairs":32,"minecraft:polished_diorite":136,"minecraft:iron_axe":5,"minecraft:ladder":45,"minecraft:stone_pickaxe":6,"minecraft:coal_block":7,"minecraft:enchanting_table":1,"minecraft:iron_sword":9,"minecraft:cooked_salmon":3,"minecraft:polished_granite":60,"minecraft:bucket":1,"minecraft:stone_axe":4,"minecraft:air":0,"minecraft:oak_fence_gate":2,"minecraft:blue_wool":43,"minecraft:iron_shovel":6,"minecraft:iron_leggings":2,"minecraft:white_bed":1,"minecraft:torch":448,"minecraft:blue_carpet":63}},"DataVersion":1631}