{"stats":{"minecraft:dropped":{"minecraft:water_bucket":2,"minecraft:iron_sword":1,"minecraft:wheat_seeds":1,"minecraft:baked_potato":2,"minecraft:cooked_porkchop":1,"minecraft:oak_fence":1,"minecraft:stick":9,"minecraft:oxeye_daisy":4,"minecraft:dirt":8,"minecraft:diorite":6,"minecraft:ink_sac":1,"minecraft:wooden_sword":1,"minecraft:phantom_membrane":1,"minecraft:oak_door":5,"minecraft:stone_axe":2,"minecraft:rotten_flesh":18,"minecraft:oak_planks":32,"minecraft:stone_slab":64,"minecraft:glass_pane":1,"minecraft:poppy":12,"minecraft:stone_pickaxe":1},"minecraft:used":{"minecraft:peony":21,"minecraft:oak_trapdoor":38,"minecraft:iron_bars":6,"minecraft:stone_sword":245,"minecraft:armor_stand":3,"minecraft:stone_shovel":131,"minecraft:redstone":79,"minecraft:ladder":13,"minecraft:poppy":2,"minecraft:chest":17,"minecraft:iron_sword":329,"minecraft:wooden_shovel":98,"minecraft:stone_hoe":28,"minecraft:spruce_leaves":81,"minecraft:oak_door":6,"minecraft:torch":155,"minecraft:dirt":165,"minecraft:white_carpet":6,"minecraft:polished_diorite":86,"minecraft:granite":12,"minecraft:glass":10,"minecraft:wooden_axe":243,"minecraft:lava_bucket":4,"minecraft:iron_axe":41,"minecraft:oak_stairs":73,"minecraft:repeater":4,"minecraft:light_gray_wool":6,"minecraft:bow":2,"minecraft:oak_sapling":12,"minecraft:furnace":11,"minecraft:egg":1,"minecraft:light_gray_bed":1,"minecraft:cooked_mutton":21,"minecraft:water_bucket":15,"minecraft:wheat_seeds":28,"minecraft:diorite":4,"minecraft:cobblestone_stairs":64,"minecraft:spruce_door":18,"minecraft:birch_planks":18,"minecraft:stone_pickaxe":1036,"minecraft:baked_potato":62,"minecraft:oak_planks":234,"minecraft:wooden_pickaxe":119,"minecraft:white_wool":1,"minecraft:oak_leaves":23,"minecraft:sand":22,"minecraft:oak_slab":16,"minecraft:crafting_table":10,"minecraft:white_bed":2,"minecraft:spruce_log":2,"minecraft:shears":127,"minecraft:birch_fence":13,"minecraft:oak_log":277,"minecraft:redstone_torch":20,"minecraft:piston":6,"minecraft:lever":6,"minecraft:apple":1,"minecraft:oxeye_daisy":4,"minecraft:heavy_weighted_pressure_plate":5,"minecraft:bread":5,"minecraft:iron_pickaxe":942,"minecraft:sign":7,"minecraft:stone_slab":34,"minecraft:oak_pressure_plate":6,"minecraft:iron_door":2,"minecraft:lilac":19,"minecraft:stone_axe":1076,"minecraft:wooden_sword":129,"minecraft:cobblestone":357,"minecraft:andesite":7,"minecraft:bucket":22,"minecraft:glass_pane":145,"minecraft:dandelion":12,"minecraft:oak_fence":57},"minecraft:killed_by":{"minecraft:creeper":1,"minecraft:skeleton":4,"minecraft:phantom":2,"minecraft:zombie":2},"minecraft:killed":{"minecraft:spider":14,"minecraft:phantom":1,"minecraft:horse":4,"minecraft:skeleton":9,"minecraft:chicken":18,"minecraft:drowned":7,"minecraft:pig":18,"minecraft:zombie_villager":1,"minecraft:salmon":3,"minecraft:bat":1,"minecraft:creeper":4,"minecraft:squid":1,"minecraft:sheep":18,"minecraft:zombie":28,"minecraft:cow":24},"minecraft:mined":{"minecraft:wall_sign":1,"minecraft:white_bed":1,"minecraft:cobblestone_stairs":15,"minecraft:granite":66,"minecraft:grass_block":38,"minecraft:redstone_wire":35,"minecraft:oak_pressure_plate":2,"minecraft:spruce_leaves":135,"minecraft:polished_diorite":23,"minecraft:oxeye_daisy":6,"minecraft:redstone_ore":15,"minecraft:oak_trapdoor":13,"minecraft:carrots":8,"minecraft:heavy_weighted_pressure_plate":2,"minecraft:furnace":7,"minecraft:iron_ore":125,"minecraft:andesite":98,"minecraft:pumpkin":2,"minecraft:potatoes":110,"minecraft:oak_stairs":69,"minecraft:iron_bars":6,"minecraft:stripped_oak_log":2,"minecraft:stone":981,"minecraft:redstone_wall_torch":9,"minecraft:oak_slab":2,"minecraft:brown_mushroom":6,"minecraft:glass_pane":65,"minecraft:dandelion":11,"minecraft:clay":6,"minecraft:oak_fence":31,"minecraft:crafting_table":6,"minecraft:torch":9,"minecraft:poppy":4,"minecraft:chest":6,"minecraft:glass":10,"minecraft:stone_slab":23,"minecraft:cobblestone":166,"minecraft:lapis_ore":1,"minecraft:oak_planks":160,"minecraft:sugar_cane":1,"minecraft:wall_torch":40,"minecraft:diorite":97,"minecraft:seagrass":2,"minecraft:repeater":3,"minecraft:sign":1,"minecraft:birch_log":19,"minecraft:redstone_torch":9,"minecraft:wheat":49,"minecraft:lilac":2,"minecraft:spruce_log":24,"minecraft:birch_leaves":1,"minecraft:light_gray_wool":6,"minecraft:grass_path":5,"minecraft:grass":157,"minecraft:coal_ore":146,"minecraft:oak_log":590,"minecraft:gravel":37,"minecraft:sand":226,"minecraft:dirt":391,"minecraft:piston":3,"minecraft:oak_leaves":267,"minecraft:birch_fence":6},"minecraft:picked_up":{"minecraft:wooden_axe":4,"minecraft:spruce_leaves":81,"minecraft:iron_chestplate":3,"minecraft:crafting_table":7,"minecraft:wheat":48,"minecraft:chicken":18,"minecraft:clay_ball":24,"minecraft:leather_leggings":2,"minecraft:brown_mushroom":7,"minecraft:stone_slab":109,"minecraft:wooden_pickaxe":3,"minecraft:oak_stairs":67,"minecraft:shield":2,"minecraft:heavy_weighted_pressure_plate":5,"minecraft:oak_trapdoor":13,"minecraft:string":13,"minecraft:iron_axe":2,"minecraft:wooden_sword":1,"minecraft:iron_leggings":1,"minecraft:armor_stand":2,"minecraft:birch_fence":13,"minecraft:beetroot":33,"minecraft:bucket":3,"minecraft:beef":44,"minecraft:redstone_torch":18,"minecraft:wooden_shovel":2,"minecraft:poppy":23,"minecraft:iron_pickaxe":2,"minecraft:light_gray_wool":12,"minecraft:piston":3,"minecraft:sugar_cane":4,"minecraft:chest":6,"minecraft:furnace":8,"minecraft:phantom_membrane":4,"minecraft:iron_boots":1,"minecraft:egg":17,"minecraft:golden_helmet":2,"minecraft:stick":171,"minecraft:oak_door":3,"minecraft:oak_fence":31,"minecraft:torch":284,"minecraft:porkchop":42,"minecraft:diorite":113,"minecraft:carrot":21,"minecraft:redstone":123,"minecraft:golden_chestplate":2,"minecraft:stone_sword":1,"minecraft:arrow":35,"minecraft:rotten_flesh":60,"minecraft:beetroot_seeds":12,"minecraft:peony":21,"minecraft:shears":1,"minecraft:gold_ingot":2,"minecraft:mutton":27,"minecraft:iron_bars":6,"minecraft:oxeye_daisy":10,"minecraft:white_wool":14,"minecraft:cobblestone":1322,"minecraft:stripped_oak_log":1,"minecraft:birch_log":18,"minecraft:feather":14,"minecraft:lilac":20,"minecraft:repeater":3,"minecraft:iron_door":1,"minecraft:andesite":94,"minecraft:salmon":4,"minecraft:leather":24,"minecraft:brown_wool":2,"minecraft:potato":290,"minecraft:flint":1,"minecraft:oak_log":578,"minecraft:gunpowder":5,"minecraft:cobblestone_stairs":19,"minecraft:dirt":670,"minecraft:cooked_mutton":29,"minecraft:leather_boots":2,"minecraft:sign":5,"minecraft:glass":21,"minecraft:bone":20,"minecraft:apple":7,"minecraft:bow":3,"minecraft:wheat_seeds":218,"minecraft:stone_pickaxe":1,"minecraft:iron_ingot":31,"minecraft:iron_ore":136,"minecraft:oak_planks":182,"minecraft:iron_sword":7,"minecraft:cooked_porkchop":1,"minecraft:pumpkin":2,"minecraft:dandelion":12,"minecraft:oak_pressure_plate":6,"minecraft:poisonous_potato":1,"minecraft:gravel":33,"minecraft:sand":214,"minecraft:ink_sac":11,"minecraft:white_bed":1,"minecraft:spruce_log":24,"minecraft:spider_eye":8,"minecraft:spruce_door":19,"minecraft:stone_axe":5,"minecraft:polished_diorite":31,"minecraft:lever":2,"minecraft:iron_helmet":2,"minecraft:granite":63,"minecraft:gray_wool":2,"minecraft:chainmail_helmet":1,"minecraft:bread":16,"minecraft:baked_potato":164,"minecraft:oak_sapling":56,"minecraft:black_wool":1,"minecraft:coal":184,"minecraft:oak_leaves":23},"minecraft:broken":{"minecraft:wooden_shovel":1,"minecraft:stone_sword":1,"minecraft:chainmail_helmet":1,"minecraft:wooden_pickaxe":2,"minecraft:stone_pickaxe":7,"minecraft:stone_axe":7,"minecraft:iron_sword":1,"minecraft:iron_pickaxe":3,"minecraft:wooden_axe":4,"minecraft:stone_shovel":1},"minecraft:custom":{"minecraft:mob_kills":152,"minecraft:interact_with_crafting_table":160,"minecraft:leave_game":12,"minecraft:time_since_death":78296,"minecraft:climb_one_cm":137488,"minecraft:sprint_one_cm":698012,"minecraft:damage_blocked_by_shield":710,"minecraft:walk_one_cm":4222652,"minecraft:drop":38,"minecraft:talked_to_villager":3,"minecraft:sneak_time":11797,"minecraft:deaths":11,"minecraft:walk_under_water_one_cm":155455,"minecraft:jump":4409,"minecraft:walk_on_water_one_cm":120645,"minecraft:interact_with_furnace":129,"minecraft:traded_with_villager":1,"minecraft:play_one_minute":1028887,"minecraft:sleep_in_bed":24,"minecraft:time_since_rest":16272,"minecraft:damage_taken":6930,"minecraft:damage_dealt":19467,"minecraft:swim_one_cm":46737,"minecraft:fly_one_cm":175980,"minecraft:open_chest":326,"minecraft:crouch_one_cm":33001,"minecraft:fall_one_cm":49876},"minecraft:crafted":{"minecraft:wooden_sword":2,"minecraft:oak_door":9,"minecraft:oak_planks":636,"minecraft:stone_shovel":1,"minecraft:leather_leggings":1,"minecraft:leather_boots":1,"minecraft:cooked_chicken":13,"minecraft:furnace":5,"minecraft:piston":3,"minecraft:cobblestone_stairs":92,"minecraft:stone":11,"minecraft:lever":4,"minecraft:heavy_weighted_pressure_plate":1,"minecraft:white_carpet":6,"minecraft:cooked_mutton":25,"minecraft:glass_pane":160,"minecraft:oak_trapdoor":28,"minecraft:glass":113,"minecraft:repeater":1,"minecraft:bow":1,"minecraft:iron_boots":1,"minecraft:polished_diorite":70,"minecraft:iron_axe":1,"minecraft:ladder":18,"minecraft:stone_pickaxe":9,"minecraft:chest":11,"minecraft:iron_door":3,"minecraft:stone_hoe":1,"minecraft:oak_fence":27,"minecraft:oak_slab":18,"minecraft:wooden_shovel":2,"minecraft:emerald":1,"minecraft:crafting_table":6,"minecraft:spruce_planks":86,"minecraft:wooden_pickaxe":1,"minecraft:baked_potato":141,"minecraft:iron_helmet":2,"minecraft:iron_sword":2,"minecraft:spruce_door":6,"minecraft:bucket":3,"minecraft:birch_planks":72,"minecraft:sign":3,"minecraft:stone_axe":8,"minecraft:bread":16,"minecraft:light_gray_bed":1,"minecraft:iron_chestplate":2,"minecraft:shield":1,"minecraft:birch_fence":12,"minecraft:stick":188,"minecraft:iron_ingot":94,"minecraft:iron_pickaxe":4,"minecraft:oak_stairs":40,"minecraft:wooden_axe":3,"minecraft:stone_sword":2,"minecraft:iron_leggings":2,"minecraft:armor_stand":1,"minecraft:white_bed":1,"minecraft:redstone_torch":4,"minecraft:torch":112}},"DataVersion":1631}