{"stats":{"minecraft:mined":{"minecraft:spruce_planks":43,"minecraft:white_bed":5,"minecraft:oak_sapling":1,"minecraft:farmland":16,"minecraft:carved_pumpkin":1,"minecraft:granite":62,"minecraft:grass_block":1925,"minecraft:light_gray_bed":1,"minecraft:polished_diorite":1,"minecraft:oxeye_daisy":17,"minecraft:glowstone":30,"minecraft:iron_ore":155,"minecraft:pumpkin":38,"minecraft:azure_bluet":1,"minecraft:oak_stairs":3,"minecraft:brown_mushroom":3,"minecraft:clay":1,"minecraft:torch":48,"minecraft:poppy":19,"minecraft:chest":10,"minecraft:cobblestone":34,"minecraft:sugar_cane":111,"minecraft:oak_planks":245,"minecraft:wall_torch":13,"minecraft:birch_sapling":5,"minecraft:seagrass":1,"minecraft:birch_log":207,"minecraft:wheat":485,"minecraft:pumpkin_stem":14,"minecraft:black_bed":5,"minecraft:grass":1434,"minecraft:oak_log":295,"minecraft:beetroots":42,"minecraft:oak_fence_gate":6,"minecraft:sand":183,"minecraft:dirt":338,"minecraft:netherrack":48,"minecraft:oak_leaves":92,"minecraft:redstone_lamp":3,"minecraft:diamond_ore":9,"minecraft:jack_o_lantern":3,"minecraft:ladder":3,"minecraft:birch_slab":4,"minecraft:spruce_leaves":200,"minecraft:hay_block":10,"minecraft:redstone_ore":33,"minecraft:oak_trapdoor":1,"minecraft:spruce_sapling":9,"minecraft:furnace":3,"minecraft:carrots":45,"minecraft:andesite":246,"minecraft:bookshelf":2,"minecraft:potatoes":73,"minecraft:stripped_oak_log":1,"minecraft:stone":1641,"minecraft:birch_pressure_plate":2,"minecraft:podzol":121,"minecraft:oak_slab":18,"minecraft:birch_stairs":2,"minecraft:glass_pane":54,"minecraft:soul_sand":3,"minecraft:stone_brick_slab":35,"minecraft:dandelion":19,"minecraft:polished_granite":1,"minecraft:oak_fence":122,"minecraft:crafting_table":3,"minecraft:stone_slab":48,"minecraft:lapis_ore":3,"minecraft:diorite":38,"minecraft:birch_planks":38,"minecraft:spruce_log":539,"minecraft:birch_leaves":35,"minecraft:grass_path":38,"minecraft:coal_ore":480,"minecraft:gravel":171,"minecraft:oak_button":1,"minecraft:stone_bricks":114,"minecraft:gold_ore":2,"minecraft:birch_fence":31},"minecraft:killed_by":{"minecraft:creeper":1,"minecraft:zombie":3,"minecraft:player":1,"minecraft:enderman":1},"minecraft:picked_up":{"minecraft:wooden_axe":3,"minecraft:iron_chestplate":6,"minecraft:birch_door":3,"minecraft:wheat":480,"minecraft:stone_slab":271,"minecraft:oak_stairs":4,"minecraft:string":27,"minecraft:iron_leggings":8,"minecraft:beetroot":66,"minecraft:bucket":3,"minecraft:spruce_planks":43,"minecraft:rose_bush":13,"minecraft:wooden_shovel":1,"minecraft:iron_pickaxe":12,"minecraft:furnace":8,"minecraft:iron_boots":5,"minecraft:stick":330,"minecraft:birch_trapdoor":4,"minecraft:oak_fence":194,"minecraft:torch":706,"minecraft:porkchop":73,"minecraft:diorite":69,"minecraft:stone_sword":1,"minecraft:light_gray_bed":1,"minecraft:rotten_flesh":182,"minecraft:carved_pumpkin":1,"minecraft:cobblestone":2003,"minecraft:birch_log":206,"minecraft:feather":11,"minecraft:lilac":22,"minecraft:birch_slab":33,"minecraft:water_bucket":2,"minecraft:andesite":342,"minecraft:black_bed":5,"minecraft:potato":194,"minecraft:flint":24,"minecraft:lapis_lazuli":44,"minecraft:dirt":2896,"minecraft:polished_granite":53,"minecraft:leather_boots":1,"minecraft:glass":52,"minecraft:bone":54,"minecraft:bow":8,"minecraft:wheat_seeds":1229,"minecraft:orange_tulip":24,"minecraft:glowstone_dust":87,"minecraft:stone_hoe":1,"minecraft:oak_planks":350,"minecraft:oak_pressure_plate":1,"minecraft:sand":182,"minecraft:ink_sac":11,"minecraft:grass_block":1,"minecraft:polished_andesite":2,"minecraft:diamond":18,"minecraft:granite":62,"minecraft:grass":2,"minecraft:emerald":5,"minecraft:chainmail_helmet":1,"minecraft:bread":17,"minecraft:jack_o_lantern":3,"minecraft:oak_sapling":82,"minecraft:netherrack":45,"minecraft:crafting_table":6,"minecraft:azure_bluet":1,"minecraft:chicken":9,"minecraft:ladder":13,"minecraft:clay_ball":4,"minecraft:redstone_lamp":3,"minecraft:brown_mushroom":12,"minecraft:wooden_pickaxe":2,"minecraft:shield":2,"minecraft:oak_trapdoor":1,"minecraft:iron_axe":4,"minecraft:wooden_sword":2,"minecraft:iron_shovel":5,"minecraft:birch_fence":32,"minecraft:glass_pane":497,"minecraft:beef":103,"minecraft:poppy":21,"minecraft:light_gray_wool":13,"minecraft:sugar_cane":169,"minecraft:chest":13,"minecraft:birch_sapling":44,"minecraft:phantom_membrane":1,"minecraft:egg":156,"minecraft:stone":3,"minecraft:oak_door":12,"minecraft:carrot":192,"minecraft:redstone":231,"minecraft:arrow":43,"minecraft:stone_shovel":5,"minecraft:beetroot_seeds":80,"minecraft:peony":21,"minecraft:hay_block":10,"minecraft:gold_ingot":4,"minecraft:mutton":19,"minecraft:white_wool":27,"minecraft:oxeye_daisy":26,"minecraft:stripped_oak_log":1,"minecraft:salmon":18,"minecraft:leather":61,"minecraft:birch_planks":361,"minecraft:oak_log":344,"minecraft:gunpowder":14,"minecraft:paper":9,"minecraft:white_banner":1,"minecraft:birch_pressure_plate":2,"minecraft:cooked_mutton":1,"minecraft:apple":11,"minecraft:stone_bricks":386,"minecraft:iron_ingot":51,"minecraft:oak_fence_gate":6,"minecraft:stone_pickaxe":12,"minecraft:iron_ore":155,"minecraft:iron_sword":3,"minecraft:soul_sand":3,"minecraft:book":6,"minecraft:oak_slab":20,"minecraft:pumpkin":42,"minecraft:stone_brick_slab":57,"minecraft:dandelion":24,"minecraft:gravel":183,"minecraft:birch_stairs":4,"minecraft:spruce_sapling":66,"minecraft:white_bed":5,"minecraft:spruce_log":959,"minecraft:gold_ore":2,"minecraft:spider_eye":5,"minecraft:leather_helmet":1,"minecraft:pumpkin_seeds":40,"minecraft:polished_diorite":69,"minecraft:stone_axe":2,"minecraft:iron_helmet":4,"minecraft:gray_wool":2,"minecraft:oak_button":1,"minecraft:baked_potato":149,"minecraft:black_wool":3,"minecraft:coal":652,"minecraft:ender_pearl":1},"minecraft:custom":{"minecraft:animals_bred":31,"minecraft:interact_with_crafting_table":219,"minecraft:eat_cake_slice":14,"minecraft:leave_game":17,"minecraft:time_since_death":269688,"minecraft:sprint_one_cm":2309856,"minecraft:damage_blocked_by_shield":1575,"minecraft:drop":206,"minecraft:talked_to_villager":29,"minecraft:deaths":6,"minecraft:jump":6641,"minecraft:walk_on_water_one_cm":108107,"minecraft:interact_with_furnace":195,"minecraft:traded_with_villager":1,"minecraft:play_one_minute":1098550,"minecraft:sleep_in_bed":42,"minecraft:damage_dealt":33174,"minecraft:crouch_one_cm":28226,"minecraft:mob_kills":192,"minecraft:climb_one_cm":57954,"minecraft:walk_one_cm":5574134,"minecraft:sneak_time":8745,"minecraft:walk_under_water_one_cm":88703,"minecraft:time_since_rest":7605,"minecraft:damage_taken":7819,"minecraft:swim_one_cm":63493,"minecraft:fly_one_cm":569350,"minecraft:open_chest":747,"minecraft:fall_one_cm":98284},"minecraft:used":{"minecraft:peony":19,"minecraft:beetroot":7,"minecraft:jack_o_lantern":4,"minecraft:iron_shovel":1137,"minecraft:ladder":30,"minecraft:poppy":2,"minecraft:chest":27,"minecraft:iron_sword":1039,"minecraft:grass":2,"minecraft:rotten_flesh":2,"minecraft:birch_pressure_plate":2,"minecraft:carrot":62,"minecraft:lava_bucket":1,"minecraft:birch_sapling":32,"minecraft:stone_bricks":598,"minecraft:redstone_lamp":3,"minecraft:bow":1,"minecraft:hay_block":17,"minecraft:oak_sapling":88,"minecraft:furnace":7,"minecraft:beetroot_seeds":46,"minecraft:egg":50,"minecraft:potato":94,"minecraft:diorite":3,"minecraft:stone_pickaxe":257,"minecraft:oak_planks":332,"minecraft:wooden_pickaxe":34,"minecraft:sugar_cane":30,"minecraft:white_wool":1,"minecraft:black_bed":6,"minecraft:pumpkin_seeds":32,"minecraft:birch_fence":55,"minecraft:birch_slab":39,"minecraft:bread":33,"minecraft:oak_pressure_plate":1,"minecraft:polished_granite":1,"minecraft:lilac":20,"minecraft:wooden_sword":3,"minecraft:oak_fence":466,"minecraft:oak_trapdoor":1,"minecraft:stone_sword":80,"minecraft:stone_shovel":1727,"minecraft:spruce_planks":44,"minecraft:wooden_shovel":59,"minecraft:cooked_salmon":6,"minecraft:cooked_chicken":14,"minecraft:stone_hoe":103,"minecraft:netherrack":15,"minecraft:oak_door":7,"minecraft:torch":392,"minecraft:dirt":2192,"minecraft:oak_fence_gate":17,"minecraft:polished_diorite":1,"minecraft:birch_door":7,"minecraft:stone_brick_slab":325,"minecraft:wooden_axe":40,"minecraft:bookshelf":5,"minecraft:iron_axe":1340,"minecraft:oak_stairs":2,"minecraft:beef":10,"minecraft:cooked_beef":7,"minecraft:pumpkin":24,"minecraft:light_gray_bed":1,"minecraft:beetroot_soup":1,"minecraft:wheat_seeds":483,"minecraft:cooked_mutton":6,"minecraft:water_bucket":35,"minecraft:birch_planks":289,"minecraft:baked_potato":53,"minecraft:oak_slab":4,"minecraft:crafting_table":7,"minecraft:spider_eye":1,"minecraft:white_bed":5,"minecraft:spruce_log":482,"minecraft:cake":3,"minecraft:apple":7,"minecraft:oxeye_daisy":10,"minecraft:oak_button":1,"minecraft:iron_pickaxe":2869,"minecraft:stone_slab":777,"minecraft:spruce_sapling":63,"minecraft:stone_axe":791,"minecraft:cobblestone":92,"minecraft:white_banner":1,"minecraft:cooked_porkchop":3,"minecraft:bucket":35,"minecraft:glass_pane":201,"minecraft:pumpkin_pie":2,"minecraft:stripped_oak_log":1,"minecraft:dandelion":3,"minecraft:birch_stairs":24},"minecraft:crafted":{"minecraft:oak_planks":1242,"minecraft:cooked_chicken":2,"minecraft:birch_slab":54,"minecraft:stone":998,"minecraft:bookshelf":5,"minecraft:cooked_mutton":7,"minecraft:cake":3,"minecraft:glass":182,"minecraft:stone_brick_slab":276,"minecraft:iron_boots":1,"minecraft:chest":16,"minecraft:oak_button":1,"minecraft:birch_door":6,"minecraft:stone_hoe":1,"minecraft:stone_bricks":640,"minecraft:oak_fence":312,"minecraft:white_banner":1,"minecraft:redstone_lamp":21,"minecraft:wooden_shovel":1,"minecraft:emerald":1,"minecraft:arrow":44,"minecraft:cooked_porkchop":2,"minecraft:crafting_table":7,"minecraft:spruce_planks":88,"minecraft:iron_helmet":1,"minecraft:wooden_pickaxe":3,"minecraft:baked_potato":67,"minecraft:birch_pressure_plate":1,"minecraft:hay_block":11,"minecraft:birch_planks":568,"minecraft:pumpkin_seeds":32,"minecraft:iron_chestplate":1,"minecraft:book":9,"minecraft:paper":27,"minecraft:shield":2,"minecraft:birch_fence":48,"minecraft:stick":676,"minecraft:stone_slab":714,"minecraft:iron_ingot":135,"minecraft:iron_pickaxe":15,"minecraft:gold_ingot":2,"minecraft:black_bed":1,"minecraft:birch_stairs":36,"minecraft:beetroot_soup":4,"minecraft:shears":3,"minecraft:oak_door":3,"minecraft:stone_shovel":12,"minecraft:furnace":4,"minecraft:jack_o_lantern":1,"minecraft:oak_trapdoor":2,"minecraft:glass_pane":384,"minecraft:polished_diorite":4,"minecraft:iron_axe":6,"minecraft:ladder":69,"minecraft:stone_pickaxe":1,"minecraft:wheat":9,"minecraft:cooked_beef":24,"minecraft:sugar":30,"minecraft:iron_sword":5,"minecraft:bowl":4,"minecraft:cooked_salmon":8,"minecraft:bucket":5,"minecraft:stone_axe":10,"minecraft:glowstone":21,"minecraft:air":0,"minecraft:bread":72,"minecraft:oak_fence_gate":11,"minecraft:birch_trapdoor":2,"minecraft:wooden_axe":3,"minecraft:iron_shovel":4,"minecraft:iron_leggings":1,"minecraft:white_bed":1,"minecraft:pumpkin_pie":3,"minecraft:torch":436},"minecraft:killed":{"minecraft:spider":15,"minecraft:skeleton":16,"minecraft:chicken":5,"minecraft:pig":2,"minecraft:zombie_villager":3,"minecraft:salmon":14,"minecraft:creeper":9,"minecraft:sheep":4,"minecraft:zombie":96,"minecraft:donkey":2,"minecraft:cow":6,"minecraft:phantom":3,"minecraft:drowned":4,"minecraft:bat":3,"minecraft:squid":2,"minecraft:villager":2,"minecraft:enderman":1},"minecraft:dropped":{"minecraft:iron_sword":1,"minecraft:lapis_lazuli":22,"minecraft:oak_log":32,"minecraft:baked_potato":19,"minecraft:cooked_porkchop":1,"minecraft:birch_slab":18,"minecraft:flint":1,"minecraft:dirt":1,"minecraft:wooden_sword":1,"minecraft:pumpkin_pie":1,"minecraft:iron_pickaxe":2,"minecraft:white_wool":3,"minecraft:birch_stairs":2,"minecraft:oak_door":1,"minecraft:gravel":143,"minecraft:rotten_flesh":77,"minecraft:cooked_mutton":3,"minecraft:azure_bluet":1,"minecraft:salmon":1,"minecraft:arrow":2,"minecraft:polished_granite":52,"minecraft:egg":10,"minecraft:water_bucket":1,"minecraft:bread":5,"minecraft:wheat_seeds":112,"minecraft:cobblestone":5,"minecraft:granite":6,"minecraft:chainmail_helmet":1,"minecraft:polished_andesite":1,"minecraft:diorite":1,"minecraft:ink_sac":1,"minecraft:torch":128,"minecraft:wooden_axe":4,"minecraft:rose_bush":6,"minecraft:cooked_salmon":3,"minecraft:iron_leggings":1,"minecraft:oak_stairs":2,"minecraft:spruce_sapling":1,"minecraft:polished_diorite":64,"minecraft:furnace":2,"minecraft:birch_pressure_plate":1,"minecraft:light_gray_wool":4,"minecraft:shears":2,"minecraft:shield":1,"minecraft:andesite":270,"minecraft:wooden_shovel":1,"minecraft:stone_bricks":64,"minecraft:bow":1,"minecraft:wooden_pickaxe":3},"minecraft:broken":{"minecraft:iron_shovel":5,"minecraft:wooden_shovel":1,"minecraft:stone_pickaxe":2,"minecraft:stone_axe":6,"minecraft:iron_sword":3,"minecraft:stone_shovel":13,"minecraft:stone_sword":1,"minecraft:iron_axe":5,"minecraft:iron_pickaxe":11,"minecraft:iron_helmet":1}},"DataVersion":1631}